epoch,time,train/box_loss,train/cls_loss,train/dfl_loss,metrics/precision(B),metrics/recall(B),metrics/mAP50(B),metrics/mAP50-95(B),val/box_loss,val/cls_loss,val/dfl_loss,lr/pg0,lr/pg1,lr/pg2
1,9.39461,2.02182,3.7063,1.26248,0.01012,0.84615,0.01396,0.00535,1.97689,3.61026,1.10948,0.00012,0.00012,0.00012
2,19.276,1.68949,3.19829,1.0621,0.01039,0.84615,0.11096,0.02701,1.59458,3.49583,0.99703,0.000259485,0.000259485,0.000259485
3,28.8502,1.58059,2.0808,1.01227,0.01104,0.92308,0.04354,0.02056,1.52579,3.46626,1.02227,0.000398416,0.000398416,0.000398416
4,37.9087,1.53009,1.54316,0.98075,0.01125,1,0.04415,0.0194,1.464,3.29322,1.00827,0.000536792,0.000536792,0.000536792
5,46.9715,1.54988,1.21933,0.99641,0.00957,1,0.36214,0.16838,1.48684,3.0034,0.99049,0.000674614,0.000674614,0.000674614
6,57.5985,1.44846,1.08396,0.9931,0.00889,1,0.12379,0.08178,1.48736,3.02329,1.02509,0.000811882,0.000811882,0.000811882
7,66.3139,1.52165,1.09629,1.01434,0.00559,1,0.04956,0.0201,1.43791,3.00627,1.01628,0.000948595,0.000948595,0.000948595
8,75.0336,1.57242,1.16009,1.04579,0.00567,1,0.06101,0.02777,1.58781,2.99846,1.06454,0.00108475,0.00108475,0.00108475
9,84.4204,1.5207,1.0433,1.059,0.00433,1,0.17897,0.10633,1.48989,2.86344,1.0604,0.00122036,0.00122036,0.00122036
10,94.2465,1.52587,1.02984,1.02669,0.00433,1,0.26773,0.17868,1.38501,2.78875,1.02697,0.00135541,0.00135541,0.00135541
11,102.425,1.57827,1.01478,1.11591,0.00433,1,0.6012,0.3502,1.54369,2.61042,1.08557,0.0014899,0.0014899,0.0014899
12,111.565,1.43414,1.03012,1.04392,0.00433,1,0.70439,0.41307,1.35046,2.5354,1.00423,0.00162385,0.00162385,0.00162385
13,121.881,1.56112,1.0299,1.05963,0.17453,0.92308,0.70504,0.43113,1.39333,2.375,1.02507,0.00175723,0.00175723,0.00175723
14,131.297,1.4839,0.99623,1.02209,0.99481,1,0.995,0.61311,1.43137,1.69301,1.06469,0.00189006,0.00189006,0.00189006
15,142.759,1.34197,0.94221,0.99209,1,0.98372,0.995,0.51148,1.54008,1.28154,1.11828,0.00194456,0.00194456,0.00194456
16,152.615,1.42814,0.96806,1.03986,0.97499,1,0.995,0.52663,1.64982,1.21214,1.11285,0.0019406,0.0019406,0.0019406
17,160.31,1.4509,1.004,1.05219,0.99288,1,0.995,0.48811,1.83467,1.15305,1.17826,0.00193664,0.00193664,0.00193664
18,168.282,1.4562,0.90498,1.02836,0.98636,1,0.995,0.53294,1.56739,0.97556,1.0736,0.00193268,0.00193268,0.00193268
19,178.407,1.3593,0.89342,1.09126,0.97616,1,0.995,0.55383,1.60178,0.94801,1.06597,0.00192872,0.00192872,0.00192872
20,185.653,1.37658,0.84877,1.03598,0.99344,1,0.995,0.61088,1.50231,0.86963,1.03719,0.00192476,0.00192476,0.00192476
21,192.833,1.34004,0.85442,1.00918,0.99309,1,0.995,0.63036,1.45373,0.82321,1.03505,0.0019208,0.0019208,0.0019208
22,200.507,1.49147,0.84718,1.01924,0.99754,1,0.995,0.60397,1.4475,0.77379,1.02771,0.00191684,0.00191684,0.00191684
23,210.33,1.33684,0.81717,0.99969,0.99553,1,0.995,0.51655,1.53049,0.80232,1.05158,0.00191288,0.00191288,0.00191288
24,218.451,1.29565,0.80754,1.00192,0.99471,1,0.995,0.62007,1.32351,0.7405,0.99694,0.00190892,0.00190892,0.00190892
25,225.895,1.33959,0.80601,1.01186,0.99501,1,0.995,0.6009,1.33119,0.77279,0.99008,0.00190496,0.00190496,0.00190496
26,233.173,1.29505,0.80859,0.97731,0.99461,1,0.995,0.55673,1.46522,0.77138,1.03201,0.001901,0.001901,0.001901
27,240.889,1.29937,0.77928,1.0046,0.99419,1,0.995,0.57473,1.33132,0.7639,1.00155,0.00189704,0.00189704,0.00189704
28,247.9,1.36381,0.81265,1.08253,0.98875,1,0.995,0.57858,1.43419,0.79614,1.03404,0.00189308,0.00189308,0.00189308
29,255.407,1.38767,0.81552,1.01764,0.92611,1,0.995,0.60251,1.43861,0.84877,1.01537,0.00188912,0.00188912,0.00188912
30,261.942,1.38238,0.80186,1.02457,0.93999,1,0.995,0.66884,1.29701,0.93255,0.96119,0.00188516,0.00188516,0.00188516
31,271.39,1.27859,0.75522,0.96088,0.97703,1,0.995,0.65547,1.31887,0.91038,0.975,0.0018812,0.0018812,0.0018812
32,279.564,1.34605,0.78863,0.9941,0.98898,1,0.995,0.6386,1.32521,0.92908,0.98728,0.00187724,0.00187724,0.00187724
33,285.779,1.35911,0.79462,0.99847,0.99751,1,0.995,0.64638,1.3067,0.79196,0.9808,0.00187328,0.00187328,0.00187328
34,293.004,1.30072,0.77845,1.02423,0.99584,1,0.995,0.60824,1.46561,0.82326,1.02329,0.00186932,0.00186932,0.00186932
35,300.246,1.26083,0.73339,0.97064,0.99375,1,0.995,0.59915,1.43178,0.74551,1.01805,0.00186536,0.00186536,0.00186536
36,306.879,1.36097,0.79718,1.00405,0.99443,1,0.995,0.60913,1.37426,0.71993,0.99789,0.0018614,0.0018614,0.0018614
37,314.007,1.28494,0.76853,0.99252,0.99504,1,0.995,0.6317,1.39851,0.71894,1.00729,0.00185744,0.00185744,0.00185744
38,320.868,1.44039,0.86396,1.02225,0.99571,1,0.995,0.59954,1.5407,0.75188,1.03871,0.00185348,0.00185348,0.00185348
39,329.062,1.31455,0.73627,1.0067,0.99423,1,0.995,0.60485,1.36732,0.76684,0.99276,0.00184952,0.00184952,0.00184952
40,335.887,1.42762,0.83367,1.10974,0.99532,1,0.995,0.64361,1.37234,0.7151,0.98437,0.00184556,0.00184556,0.00184556
41,342.493,1.30764,0.71663,0.96475,0.99545,1,0.995,0.62209,1.47864,0.70188,1.01833,0.0018416,0.0018416,0.0018416
42,349.523,1.28471,0.71608,0.98739,0.99409,1,0.995,0.58215,1.46274,0.68616,1.01255,0.00183764,0.00183764,0.00183764
43,358.12,1.24059,0.68842,0.97572,0.9944,1,0.995,0.59429,1.42256,0.66711,0.99743,0.00183368,0.00183368,0.00183368
44,364.901,1.33539,0.69577,1.02809,0.99234,1,0.995,0.58473,1.40058,0.6517,1.00101,0.00182972,0.00182972,0.00182972
45,372.177,1.22187,0.68222,0.95511,0.994,1,0.995,0.56491,1.44065,0.62887,1.0082,0.00182576,0.00182576,0.00182576
46,379.656,1.28496,0.69425,1.02587,0.99438,1,0.995,0.60584,1.35317,0.61284,0.98334,0.0018218,0.0018218,0.0018218
47,388.257,1.20009,0.66401,0.97146,0.99535,1,0.995,0.58667,1.4819,0.62467,1.0214,0.00181784,0.00181784,0.00181784
48,395.011,1.18857,0.69885,0.99784,0.99501,1,0.995,0.61496,1.4111,0.60594,1.00792,0.00181388,0.00181388,0.00181388
49,401.448,1.33335,0.68152,1.00697,0.99505,1,0.995,0.61802,1.40486,0.59878,1.00908,0.00180992,0.00180992,0.00180992
50,408.059,1.21449,0.64863,0.96127,0.99427,1,0.995,0.61071,1.39211,0.64977,1.00877,0.00180596,0.00180596,0.00180596
51,415.991,1.23231,0.6715,0.98544,0.99517,1,0.995,0.5882,1.475,0.64031,1.02001,0.001802,0.001802,0.001802
52,422.775,1.23682,0.67226,0.98488,0.99379,1,0.995,0.57407,1.52061,0.64251,1.03689,0.00179804,0.00179804,0.00179804
53,429.65,1.33434,0.7197,0.99311,0.99317,1,0.995,0.57894,1.49171,0.62516,1.02216,0.00179408,0.00179408,0.00179408
54,437.346,1.27741,0.69963,0.97799,0.99355,1,0.995,0.57821,1.42867,0.65432,1.00709,0.00179012,0.00179012,0.00179012
55,445.283,1.20588,0.67751,0.97182,0.99474,1,0.995,0.56683,1.47674,0.68974,1.02321,0.00178616,0.00178616,0.00178616
56,453.191,1.12846,0.63867,0.94879,0.99378,1,0.995,0.62093,1.3441,0.69212,0.99524,0.0017822,0.0017822,0.0017822
57,459.696,1.19034,0.67941,0.92843,0.99099,1,0.995,0.5979,1.35217,0.68713,1.00318,0.00177824,0.00177824,0.00177824
58,465.648,1.14102,0.63786,0.95034,0.99105,1,0.995,0.59159,1.36808,0.66994,1.00017,0.00177428,0.00177428,0.00177428
59,472.459,1.14937,0.66276,0.96089,0.99394,1,0.995,0.60021,1.4145,0.65188,0.99353,0.00177032,0.00177032,0.00177032
60,480.439,1.29857,0.67962,1.00383,0.99174,1,0.995,0.60873,1.36427,0.68628,0.98125,0.00176636,0.00176636,0.00176636
61,486.554,1.26818,0.65338,0.99833,0.99092,1,0.995,0.60192,1.31644,0.7309,0.97378,0.0017624,0.0017624,0.0017624
62,494.001,1.23136,0.6453,1.02348,0.99546,1,0.995,0.62031,1.35704,0.75011,0.98118,0.00175844,0.00175844,0.00175844
63,500.613,1.17211,0.6392,0.93739,0.99499,1,0.995,0.58702,1.42198,0.66764,1.0086,0.00175448,0.00175448,0.00175448
64,508.391,1.17734,0.67052,0.98096,0.99429,1,0.995,0.64112,1.29564,0.61609,0.97892,0.00175052,0.00175052,0.00175052
65,515.469,1.21259,0.65196,0.97396,0.99421,1,0.995,0.61672,1.36452,0.61225,0.98916,0.00174656,0.00174656,0.00174656
66,521.849,1.3043,0.68623,0.95665,0.99137,1,0.995,0.61382,1.42451,0.64912,0.99937,0.0017426,0.0017426,0.0017426
67,528.315,1.19934,0.65802,0.94292,0.99526,1,0.995,0.64166,1.38527,0.6239,0.98656,0.00173864,0.00173864,0.00173864
68,536.288,1.23303,0.65627,0.95605,0.9953,1,0.995,0.61265,1.39879,0.61495,0.98239,0.00173468,0.00173468,0.00173468
69,542.746,1.17161,0.64575,0.94889,0.99534,1,0.995,0.61992,1.39566,0.58757,0.98155,0.00173072,0.00173072,0.00173072
70,549.539,1.16384,0.63539,0.93575,0.99507,1,0.995,0.65248,1.30984,0.6064,0.97192,0.00172676,0.00172676,0.00172676
71,556.299,1.06929,0.58183,0.91264,0.99528,1,0.995,0.65907,1.32567,0.6048,0.97211,0.0017228,0.0017228,0.0017228
72,562.432,1.19935,0.65277,0.9399,0.99145,1,0.995,0.61777,1.43124,0.61552,0.98193,0.00171884,0.00171884,0.00171884
73,570.752,1.25455,0.59064,0.99547,0.99546,1,0.995,0.5929,1.46314,0.61174,0.99557,0.00171488,0.00171488,0.00171488
74,577.426,1.21781,0.60333,0.94119,0.99467,1,0.995,0.60426,1.41646,0.61364,0.99741,0.00171092,0.00171092,0.00171092
75,584.19,1.16414,0.59729,0.94089,0.99478,1,0.995,0.59968,1.41924,0.61464,1.00964,0.00170696,0.00170696,0.00170696
76,590.724,1.24416,0.62436,0.97128,0.99478,1,0.995,0.5232,1.67844,0.65176,1.09924,0.001703,0.001703,0.001703
77,598.766,1.1273,0.58772,0.98814,0.99439,1,0.995,0.51745,1.65033,0.61719,1.08581,0.00169904,0.00169904,0.00169904
78,605.789,1.25423,0.63753,0.94494,0.9948,1,0.995,0.5705,1.46727,0.54316,1.0349,0.00169508,0.00169508,0.00169508
79,613.101,1.32617,0.62504,0.96904,0.99457,1,0.995,0.6294,1.31036,0.57292,0.98116,0.00169112,0.00169112,0.00169112
80,619.795,1.13125,0.61188,0.9699,0.99432,1,0.995,0.64053,1.28781,0.57392,0.96223,0.00168716,0.00168716,0.00168716
81,627.577,1.17417,0.6458,0.96644,0.99442,1,0.995,0.62695,1.30764,0.58355,0.96592,0.0016832,0.0016832,0.0016832
82,634.275,1.24059,0.63094,0.95428,0.99437,1,0.995,0.65906,1.29905,0.60086,0.95505,0.00167924,0.00167924,0.00167924
83,640.813,1.06696,0.58007,0.92251,0.995,1,0.995,0.62415,1.29079,0.60972,0.9491,0.00167528,0.00167528,0.00167528
84,647.453,1.17193,0.61925,0.95176,0.99467,1,0.995,0.63812,1.34227,0.57525,0.95885,0.00167132,0.00167132,0.00167132
85,655.25,1.21417,0.60799,0.90421,0.99489,1,0.995,0.62222,1.36241,0.59543,0.96553,0.00166736,0.00166736,0.00166736
86,662.142,1.1899,0.62888,0.93029,0.99316,1,0.995,0.6384,1.32073,0.62509,0.97552,0.0016634,0.0016634,0.0016634
87,669.683,1.23437,0.61772,0.95176,0.99063,1,0.995,0.61644,1.33723,0.62222,0.99061,0.00165944,0.00165944,0.00165944
88,676.81,1.27293,0.63738,0.98044,0.99282,1,0.995,0.6209,1.39339,0.61698,1.01065,0.00165548,0.00165548,0.00165548
89,683.769,1.22345,0.63318,0.96794,0.9933,1,0.995,0.6054,1.4152,0.6377,1.01035,0.00165152,0.00165152,0.00165152
90,691.418,1.21288,0.64048,0.96767,0.99431,1,0.995,0.6083,1.35909,0.58447,0.97285,0.00164756,0.00164756,0.00164756
91,698.613,1.17615,0.62012,0.94639,0.99455,1,0.995,0.63557,1.28762,0.5774,0.95568,0.0016436,0.0016436,0.0016436
92,704.956,1.21164,0.61381,0.95585,0.99375,1,0.995,0.64639,1.34129,0.64149,0.95749,0.00163964,0.00163964,0.00163964
93,712.227,1.20792,0.59784,0.94918,0.99273,1,0.995,0.6337,1.3381,0.64812,0.95874,0.00163568,0.00163568,0.00163568
94,720.467,1.16961,0.59277,0.9628,0.99499,1,0.995,0.6213,1.30456,0.6208,0.95193,0.00163172,0.00163172,0.00163172
95,727.206,1.20009,0.59603,0.94018,0.995,1,0.995,0.63911,1.29868,0.61321,0.96665,0.00162776,0.00162776,0.00162776
96,733.741,1.22914,0.59843,0.97722,0.99503,1,0.995,0.58626,1.41677,0.60709,0.9858,0.0016238,0.0016238,0.0016238
97,739.994,1.25767,0.61273,1.02041,0.9953,1,0.995,0.61602,1.43218,0.59147,0.98595,0.00161984,0.00161984,0.00161984
98,747.77,1.23632,0.64125,0.977,0.99469,1,0.995,0.6355,1.36898,0.54576,0.97021,0.00161588,0.00161588,0.00161588
99,754.419,1.2029,0.62281,0.9348,0.99421,1,0.995,0.59827,1.44216,0.57219,0.98322,0.00161192,0.00161192,0.00161192
100,760.746,1.15264,0.60216,0.91734,0.99457,1,0.995,0.53697,1.50056,0.58594,1.00376,0.00160796,0.00160796,0.00160796
101,767.119,1.18223,0.60531,0.93145,0.99505,1,0.995,0.5411,1.48629,0.59363,0.99915,0.001604,0.001604,0.001604
102,775.31,1.1707,0.60615,0.93406,0.99275,1,0.995,0.61262,1.44541,0.63063,0.98977,0.00160004,0.00160004,0.00160004
103,782.676,1.2201,0.623,0.96847,0.99369,1,0.995,0.60334,1.42085,0.62355,0.99796,0.00159608,0.00159608,0.00159608
104,789.493,1.21146,0.61017,0.9931,0.99511,1,0.995,0.59298,1.47924,0.59193,1.0121,0.00159212,0.00159212,0.00159212
105,796.264,1.19731,0.5901,0.93444,0.99561,1,0.995,0.60052,1.54009,0.61162,1.02524,0.00158816,0.00158816,0.00158816
106,802.535,1.13731,0.60352,0.93107,0.99544,1,0.995,0.60221,1.43826,0.57666,0.99763,0.0015842,0.0015842,0.0015842
107,810.591,1.20071,0.61431,0.9678,0.99506,1,0.995,0.64418,1.31857,0.55725,0.9776,0.00158024,0.00158024,0.00158024
108,817.307,1.08951,0.57798,0.92834,0.99489,1,0.995,0.63634,1.35198,0.56965,0.99581,0.00157628,0.00157628,0.00157628
109,823.029,1.17467,0.58735,0.95812,0.99496,1,0.995,0.61351,1.41022,0.5699,1.00946,0.00157232,0.00157232,0.00157232
110,829.465,1.17654,0.62017,0.95784,0.99509,1,0.995,0.61874,1.36912,0.6062,1.00201,0.00156836,0.00156836,0.00156836
111,837.585,1.13587,0.57678,0.94543,0.99518,1,0.995,0.65068,1.3035,0.55638,0.97324,0.0015644,0.0015644,0.0015644
112,843.911,1.09511,0.55795,0.94935,0.99491,1,0.995,0.66073,1.29818,0.549,0.9722,0.00156044,0.00156044,0.00156044
113,851.571,1.19213,0.59238,0.9855,0.99495,1,0.995,0.67082,1.3232,0.55175,0.98069,0.00155648,0.00155648,0.00155648
114,858.307,1.12977,0.57248,0.94499,0.99486,1,0.995,0.67478,1.31874,0.5373,0.98372,0.00155252,0.00155252,0.00155252
115,866.14,1.14585,0.56344,0.95149,0.99463,1,0.995,0.65863,1.29061,0.54754,0.97137,0.00154856,0.00154856,0.00154856
116,873.76,1.1955,0.63062,0.97444,0.9883,1,0.995,0.65373,1.31919,0.58151,0.9902,0.0015446,0.0015446,0.0015446
117,880.195,1.12492,0.61791,0.92509,0.99451,1,0.995,0.65038,1.31057,0.58066,0.98856,0.00154064,0.00154064,0.00154064
118,886.796,1.15185,0.60121,0.95373,0.99509,1,0.995,0.70634,1.30058,0.56636,0.98986,0.00153668,0.00153668,0.00153668
119,894.67,1.09995,0.55704,0.93439,0.99409,1,0.995,0.70223,1.28154,0.58045,0.98631,0.00153272,0.00153272,0.00153272
120,902.246,1.17733,0.57263,0.95451,0.99441,1,0.995,0.68402,1.27977,0.55183,0.97501,0.00152876,0.00152876,0.00152876
121,909.268,1.16677,0.54911,0.94129,0.99422,1,0.995,0.65995,1.32389,0.55558,0.98238,0.0015248,0.0015248,0.0015248
122,918.045,1.17051,0.58015,0.96492,0.99476,1,0.995,0.65615,1.32298,0.56626,0.97702,0.00152084,0.00152084,0.00152084
123,926.644,1.16748,0.5889,0.94266,0.99477,1,0.995,0.66102,1.33813,0.58966,0.97298,0.00151688,0.00151688,0.00151688
124,933.534,1.21026,0.59839,0.94403,0.99497,1,0.995,0.69718,1.2788,0.55827,0.95573,0.00151292,0.00151292,0.00151292
125,939.894,1.17839,0.59432,0.90705,0.99507,1,0.995,0.68387,1.22719,0.52965,0.94627,0.00150896,0.00150896,0.00150896
126,946.106,1.20779,0.60052,0.95691,0.99475,1,0.995,0.69255,1.24929,0.53358,0.95332,0.001505,0.001505,0.001505
127,953.264,1.11715,0.58271,0.96332,0.995,1,0.995,0.63518,1.41426,0.58068,0.9881,0.00150104,0.00150104,0.00150104
128,960.966,1.19239,0.61816,0.96293,0.99488,1,0.995,0.61301,1.49492,0.58873,1.01606,0.00149708,0.00149708,0.00149708
129,967.41,1.2171,0.60854,0.93705,0.99477,1,0.995,0.59251,1.49706,0.58926,1.01837,0.00149312,0.00149312,0.00149312
130,974.339,1.13967,0.58398,0.95261,0.99473,1,0.995,0.57124,1.49596,0.55861,1.01328,0.00148916,0.00148916,0.00148916
131,985.435,1.1383,0.58797,0.93682,0.99467,1,0.995,0.55517,1.51959,0.61369,1.02415,0.0014852,0.0014852,0.0014852
132,994.86,1.19484,0.60584,0.98375,0.99006,1,0.995,0.56288,1.54243,0.6712,1.03216,0.00148124,0.00148124,0.00148124
133,1004.8,1.14763,0.57567,0.96145,0.98663,1,0.995,0.582,1.49331,0.68941,1.01495,0.00147728,0.00147728,0.00147728
134,1010.39,1.10033,0.5567,0.9122,0.9919,1,0.995,0.63659,1.36725,0.6061,0.97669,0.00147332,0.00147332,0.00147332
135,1017.09,1.11,0.57005,0.92964,0.99505,1,0.995,0.58255,1.51183,0.60096,1.00117,0.00146936,0.00146936,0.00146936
136,1022.41,1.19081,0.59881,0.92487,0.995,1,0.995,0.60308,1.54715,0.61524,1.01289,0.0014654,0.0014654,0.0014654
137,1028.09,1.09641,0.57661,0.90187,0.99487,1,0.995,0.60777,1.4867,0.61236,1.00273,0.00146144,0.00146144,0.00146144
138,1033.61,1.09659,0.56647,0.90234,0.99472,1,0.995,0.61977,1.39715,0.59659,0.99377,0.00145748,0.00145748,0.00145748
139,1039.04,1.11589,0.55504,0.92833,0.99512,1,0.995,0.59067,1.50713,0.60196,1.00842,0.00145352,0.00145352,0.00145352
140,1045.06,1.15545,0.55829,0.95884,0.99492,1,0.995,0.57796,1.49914,0.59458,1.00658,0.00144956,0.00144956,0.00144956
141,1051.28,1.09087,0.59891,0.90268,0.99509,1,0.995,0.58141,1.48043,0.60222,1.01808,0.0014456,0.0014456,0.0014456
142,1058.94,1.16505,0.56601,0.91652,0.99516,1,0.995,0.61324,1.48969,0.58501,1.02434,0.00144164,0.00144164,0.00144164
143,1064.74,1.07707,0.54744,0.92873,0.99514,1,0.995,0.65199,1.48162,0.57036,1.0129,0.00143768,0.00143768,0.00143768
144,1070.55,1.14541,0.56191,0.94762,0.99529,1,0.995,0.62585,1.54784,0.5964,1.02897,0.00143372,0.00143372,0.00143372
145,1077.97,1.05671,0.547,0.92505,0.99561,1,0.995,0.61883,1.63036,0.61134,1.04976,0.00142976,0.00142976,0.00142976
146,1083.78,1.13746,0.56355,0.92522,0.99557,1,0.995,0.59341,1.59771,0.61883,1.0412,0.0014258,0.0014258,0.0014258
147,1089.67,1.14852,0.57232,0.93604,0.99542,1,0.995,0.61654,1.48008,0.58985,1.00888,0.00142184,0.00142184,0.00142184
148,1095.63,1.10302,0.53767,0.95071,1,1,0.995,0.5829,1.57903,0.58401,1.03411,0.00141788,0.00141788,0.00141788
149,1101.29,1.12157,0.56085,0.95976,1,1,0.995,0.58342,1.6007,0.57782,1.03707,0.00141392,0.00141392,0.00141392
150,1108.55,1.07581,0.5202,0.91628,1,1,0.995,0.61385,1.49894,0.54545,1.00805,0.00140996,0.00140996,0.00140996
151,1114.51,1.17313,0.55793,0.95604,1,1,0.995,0.61259,1.48515,0.53043,1.00681,0.001406,0.001406,0.001406
152,1121.11,1.10201,0.57571,0.94358,0.99522,1,0.995,0.6053,1.52343,0.53901,1.01544,0.00140204,0.00140204,0.00140204
153,1127.09,1.24912,0.64314,0.97552,0.99501,1,0.995,0.57653,1.55176,0.55098,1.0234,0.00139808,0.00139808,0.00139808
154,1133.85,1.0911,0.53127,0.93813,0.99491,1,0.995,0.58677,1.49199,0.57225,1.01431,0.00139412,0.00139412,0.00139412
155,1140.73,1.10234,0.56049,0.93985,0.99539,1,0.995,0.62755,1.4526,0.61662,1.00986,0.00139016,0.00139016,0.00139016
156,1146.57,1.10259,0.5385,0.9344,1,1,0.995,0.63088,1.4618,0.59875,1.00821,0.0013862,0.0013862,0.0013862
157,1152.59,1.09959,0.56641,0.97531,1,1,0.995,0.63809,1.47502,0.58821,1.00425,0.00138224,0.00138224,0.00138224
158,1158.6,1.09991,0.55189,0.91712,1,1,0.995,0.64325,1.45282,0.55479,0.99207,0.00137828,0.00137828,0.00137828
159,1165.74,1.04044,0.5098,0.9039,1,1,0.995,0.66715,1.35009,0.55808,0.97652,0.00137432,0.00137432,0.00137432
160,1172.94,1.17849,0.54008,0.95643,1,1,0.995,0.63461,1.45668,0.56583,0.99604,0.00137036,0.00137036,0.00137036
161,1179.09,1.11414,0.54837,0.95307,0.99544,1,0.995,0.57961,1.54109,0.55562,1.0233,0.0013664,0.0013664,0.0013664
162,1185.13,1.16387,0.55562,0.96462,0.99542,1,0.995,0.60363,1.49491,0.53569,1.00836,0.00136244,0.00136244,0.00136244
163,1192.98,1.08102,0.53251,0.90192,0.99484,1,0.995,0.65049,1.32921,0.52893,0.97868,0.00135848,0.00135848,0.00135848
164,1199.97,1.09371,0.57222,0.90959,0.99457,1,0.995,0.63613,1.32823,0.52839,0.98051,0.00135452,0.00135452,0.00135452
165,1205.31,1.11507,0.53314,0.91858,0.99477,1,0.995,0.6271,1.36487,0.526,0.98423,0.00135056,0.00135056,0.00135056
166,1211.25,1.09362,0.51879,0.94156,0.99523,1,0.995,0.60971,1.42913,0.53704,0.99961,0.0013466,0.0013466,0.0013466
167,1217.49,1.10369,0.52475,0.92995,0.99484,1,0.995,0.65834,1.33033,0.54377,0.98565,0.00134264,0.00134264,0.00134264
168,1225.08,1.07062,0.52488,0.92505,0.99494,1,0.995,0.67479,1.31416,0.521,0.98537,0.00133868,0.00133868,0.00133868
169,1231.84,1.09117,0.53841,0.90456,0.99517,1,0.995,0.69121,1.29876,0.51835,0.97553,0.00133472,0.00133472,0.00133472
170,1239.02,1.1141,0.53149,0.9248,0.99492,1,0.995,0.65879,1.36899,0.5168,0.9874,0.00133076,0.00133076,0.00133076
171,1245.14,1.08522,0.53378,0.94231,0.99524,1,0.995,0.66635,1.42505,0.56261,1.00219,0.0013268,0.0013268,0.0013268
172,1251.06,1.07863,0.52733,0.92451,0.99564,1,0.995,0.66758,1.331,0.54835,0.98153,0.00132284,0.00132284,0.00132284
173,1258.47,1.1189,0.5515,0.90869,0.99562,1,0.995,0.66626,1.30353,0.54719,0.97345,0.00131888,0.00131888,0.00131888
174,1265.39,1.08094,0.52572,0.9274,0.99526,1,0.995,0.66489,1.34338,0.54986,0.98129,0.00131492,0.00131492,0.00131492
175,1271.88,1.013,0.49746,0.90675,0.99547,1,0.995,0.62546,1.3832,0.55173,0.99664,0.00131096,0.00131096,0.00131096
176,1277.59,1.06612,0.52144,0.927,0.9954,1,0.995,0.64657,1.3683,0.57594,0.99216,0.001307,0.001307,0.001307
177,1283.62,1.08202,0.53989,0.92363,0.99541,1,0.995,0.65127,1.37072,0.59971,0.99525,0.00130304,0.00130304,0.00130304
178,1290.44,1.09487,0.52512,0.91512,0.99516,1,0.995,0.63961,1.40062,0.60494,1.0115,0.00129908,0.00129908,0.00129908
179,1296.32,0.99265,0.51585,0.88696,0.9952,1,0.995,0.60028,1.43263,0.54617,1.01228,0.00129512,0.00129512,0.00129512
180,1302.22,1.1003,0.51487,0.91632,0.99528,1,0.995,0.57499,1.46163,0.57795,1.00583,0.00129116,0.00129116,0.00129116
181,1307.61,0.97865,0.51525,0.88193,0.99529,1,0.995,0.56934,1.42866,0.58426,0.99634,0.0012872,0.0012872,0.0012872
182,1313.94,1.09445,0.52329,0.9385,0.99496,1,0.995,0.58776,1.42833,0.56069,0.98869,0.00128324,0.00128324,0.00128324
183,1321.41,0.97508,0.5125,0.90716,0.99444,1,0.995,0.62018,1.42802,0.5685,0.99456,0.00127928,0.00127928,0.00127928
184,1327.45,1.0473,0.53025,0.91671,0.99524,1,0.995,0.58866,1.46606,0.56181,1.00917,0.00127532,0.00127532,0.00127532
185,1332.97,1.01585,0.53292,0.92881,0.99524,1,0.995,0.56403,1.47864,0.55768,1.01341,0.00127136,0.00127136,0.00127136
186,1338.52,1.01787,0.52709,0.90441,0.99529,1,0.995,0.60389,1.45975,0.53011,0.99811,0.0012674,0.0012674,0.0012674
187,1344.97,1.07885,0.49767,0.92772,0.99525,1,0.995,0.63009,1.3619,0.50614,0.96946,0.00126344,0.00126344,0.00126344
188,1351.09,1.07858,0.51916,0.93101,0.99531,1,0.995,0.65298,1.36631,0.52218,0.97746,0.00125948,0.00125948,0.00125948
189,1356.55,1.09198,0.52148,0.93699,0.99534,1,0.995,0.65222,1.38479,0.53163,0.98564,0.00125552,0.00125552,0.00125552
190,1363.4,1.0969,0.55086,0.93939,0.99544,1,0.995,0.62682,1.42372,0.51851,1.00559,0.00125156,0.00125156,0.00125156
191,1369.35,1.10996,0.55553,0.89152,0.99515,1,0.995,0.63146,1.36872,0.54288,0.98909,0.0012476,0.0012476,0.0012476
192,1376.35,1.07388,0.52957,0.89985,0.99462,1,0.995,0.61263,1.39631,0.54309,1.0028,0.00124364,0.00124364,0.00124364
193,1382.68,1.05799,0.51951,0.9254,0.99443,1,0.995,0.61373,1.4352,0.54193,1.01552,0.00123968,0.00123968,0.00123968
194,1388.59,1.12283,0.51283,0.9364,0.995,1,0.995,0.59245,1.5129,0.55379,1.03345,0.00123572,0.00123572,0.00123572
195,1393.86,1.06435,0.51488,0.90095,0.99532,1,0.995,0.61098,1.48726,0.55761,1.02891,0.00123176,0.00123176,0.00123176
196,1399.14,1.01698,0.48691,0.92765,0.99518,1,0.995,0.62078,1.53744,0.58363,1.05709,0.0012278,0.0012278,0.0012278
197,1404.99,1.04882,0.51781,0.90504,0.99535,1,0.995,0.61967,1.52648,0.57681,1.05775,0.00122384,0.00122384,0.00122384
198,1411.97,1.0471,0.51882,0.93291,0.99538,1,0.995,0.635,1.46106,0.54915,1.01974,0.00121988,0.00121988,0.00121988
199,1417.58,0.97567,0.50711,0.89429,0.99557,1,0.995,0.63838,1.50292,0.53758,1.02295,0.00121592,0.00121592,0.00121592
200,1422.93,0.99904,0.49444,0.90593,0.99539,1,0.995,0.60641,1.57968,0.58129,1.04207,0.00121196,0.00121196,0.00121196
201,1428.64,1.03361,0.48698,0.90612,0.99537,1,0.995,0.60411,1.60938,0.5907,1.04076,0.001208,0.001208,0.001208
202,1434.73,1.07918,0.53329,0.94965,0.99534,1,0.995,0.5888,1.59899,0.60642,1.02852,0.00120404,0.00120404,0.00120404
203,1441.69,1.06309,0.51003,0.93414,0.99478,1,0.995,0.52725,1.60997,0.56982,1.03188,0.00120008,0.00120008,0.00120008
204,1447.27,0.98765,0.50524,0.92288,0.99437,1,0.995,0.5319,1.6058,0.56683,1.03514,0.00119612,0.00119612,0.00119612
205,1453.63,1.07396,0.53245,0.91744,0.99448,1,0.995,0.53485,1.58306,0.56183,1.03265,0.00119216,0.00119216,0.00119216
206,1460.41,1.00875,0.49854,0.90535,0.99507,1,0.995,0.59445,1.50257,0.5431,1.01238,0.0011882,0.0011882,0.0011882
207,1467.22,1.05966,0.49618,0.91705,0.99521,1,0.995,0.63016,1.44363,0.54338,0.98891,0.00118424,0.00118424,0.00118424
208,1473.41,1.04687,0.49772,0.90104,0.99523,1,0.995,0.61459,1.49326,0.54216,0.99034,0.00118028,0.00118028,0.00118028
209,1479.02,0.99861,0.49003,0.91225,0.99512,1,0.995,0.60409,1.5259,0.54421,0.99878,0.00117632,0.00117632,0.00117632
210,1484.76,1.16828,0.57612,0.9735,0.99469,1,0.995,0.61448,1.45854,0.54647,0.9875,0.00117236,0.00117236,0.00117236
211,1490.99,1.02362,0.52711,0.94268,0.99466,1,0.995,0.60831,1.4991,0.54915,1.00026,0.0011684,0.0011684,0.0011684
212,1497.63,0.9892,0.49328,0.90918,0.9949,1,0.995,0.63257,1.43971,0.57662,0.98461,0.00116444,0.00116444,0.00116444
213,1503.27,1.04306,0.49539,0.9155,0.99519,1,0.995,0.62731,1.38662,0.56648,0.97793,0.00116048,0.00116048,0.00116048
214,1508.84,1.02602,0.49284,0.88374,0.99561,1,0.995,0.62067,1.48324,0.57282,1.00798,0.00115652,0.00115652,0.00115652
215,1514.58,1.02957,0.48787,0.90989,0.99547,1,0.995,0.60608,1.52127,0.57141,1.02518,0.00115256,0.00115256,0.00115256
216,1520.63,1.09036,0.52554,0.94376,0.9947,1,0.995,0.63378,1.39933,0.55524,0.98519,0.0011486,0.0011486,0.0011486
217,1527.1,0.99903,0.49836,0.91214,0.99428,1,0.995,0.64944,1.34484,0.53143,0.97091,0.00114464,0.00114464,0.00114464
218,1533.53,1.04199,0.52194,0.91033,0.98978,1,0.995,0.66434,1.337,0.5325,0.98011,0.00114068,0.00114068,0.00114068
